,Visits,Mind Exercise,FamilyInt,Color MCGDM,Weight MCGDM,Color FCS,MV FCS
0,0,0,10,Red,0.34930467859757497,Orange,0.37144
1,0,0,12,Red,0.3402777543754101,Orange,0.4857200000000001
2,0,6,10,Red,0.34930467859757497,Orange,0.37144
3,0,6,12,Red,0.3402777543754101,Orange,0.4857200000000001
4,0,12,10,Red,0.34930467859757497,Orange,0.37144
5,0,12,12,Red,0.3402777543754101,Orange,0.4857200000000001
6,0,18,10,Red,0.3505077462521908,Orange,0.3841333333333334
7,0,18,12,Red,0.34269860736317953,Orange,0.4644124102746634
8,0,24,10,Red,0.34722741634799376,Orange,0.37144
9,0,24,12,Red,0.3390966862626339,Orange,0.4857200000000001
10,0,30,10,Red,0.34722741634799376,Orange,0.37144
11,0,30,12,Red,0.3390966862626339,Orange,0.4857200000000001
12,0,36,8,Red,0.3522106209190592,Orange,0.373355109659356
13,0,36,10,Red,0.3443095676754894,Orange,0.4653142857142858
14,0,36,12,Red,0.3363693303265655,Orange,0.5469428571428573
15,0,42,6,Red,0.35118657267152714,Orange,0.36000000000000004
16,0,42,8,Red,0.3494337772658846,Orange,0.4355731840099549
17,0,42,10,Red,0.3416316452760841,Orange,0.5174666666666667
18,0,42,12,Red,0.33397754984273503,Orange,0.5781850579101439
19,0,48,6,Red,0.34823161268553554,Orange,0.4400000000000001
20,0,48,8,Red,0.34667171586353945,Orange,0.4977912583605538
21,0,48,10,Red,0.3389743151095208,Orange,0.5587333333333335
22,0,48,12,Blue,0.3353110617593981,Orange,0.6036400661830215
23,0,54,4,Red,0.35002548885843376,Orange,0.30169836265636124
24,0,54,6,Red,0.3454123284034893,Orange,0.5157894736842107
25,0,54,8,Red,0.3439243730136264,Orange,0.5600093327111527
26,0,54,10,Red,0.3365980462382545,Orange,0.6040857142857144
27,0,54,12,Blue,0.3383274565928402,Orange,0.6449000000000001
28,0,60,4,Red,0.34693092877803205,Orange,0.3714383679067376
29,0,60,6,Red,0.3430014475238077,Orange,0.6000000000000001
30,0,60,8,Red,0.3416909648758741,Orange,0.62858
31,0,60,10,Blue,0.33577133780348345,Orange,0.6857200000000001
32,0,66,4,Red,0.34693092877803205,Orange,0.3714383679067376
33,0,66,6,Red,0.3430014475238077,Orange,0.6000000000000001
34,0,66,8,Red,0.3416909648758741,Orange,0.62858
35,0,66,10,Blue,0.33577133780348345,Orange,0.6857200000000001
36,0,72,4,Red,0.34693092877803205,Orange,0.3714383679067376
37,0,72,6,Red,0.3430014475238077,Orange,0.6000000000000001
38,0,72,8,Red,0.3416909648758741,Orange,0.62858
39,0,72,10,Blue,0.33577133780348345,Orange,0.6857200000000001
40,0,78,4,Red,0.34693092877803205,Orange,0.3714383679067376
41,0,78,6,Red,0.3430014475238077,Orange,0.6000000000000001
42,0,78,8,Red,0.3416909648758741,Orange,0.62858
43,0,78,10,Blue,0.33577133780348345,Orange,0.6857200000000001
44,0,84,4,Red,0.34693092877803205,Orange,0.3714383679067376
45,0,84,6,Red,0.3430014475238077,Orange,0.6000000000000001
46,0,84,8,Red,0.3416909648758741,Orange,0.62858
47,0,84,10,Blue,0.33577133780348345,Orange,0.6857200000000001
48,0,90,4,Red,0.34693092877803205,Orange,0.3714383679067376
49,0,90,6,Red,0.3430014475238077,Orange,0.6000000000000001
50,0,90,8,Red,0.3416909648758741,Orange,0.62858
51,0,90,10,Blue,0.33577133780348345,Orange,0.6857200000000001
52,0,96,4,Red,0.34693092877803205,Orange,0.3714383679067376
53,0,96,6,Red,0.3430014475238077,Orange,0.6000000000000001
54,0,96,8,Red,0.3416909648758741,Orange,0.62858
55,0,96,10,Blue,0.33577133780348345,Orange,0.6857200000000001
56,0,102,4,Red,0.34693092877803205,Orange,0.3714383679067376
57,0,102,6,Red,0.3430014475238077,Orange,0.6000000000000001
58,0,102,8,Red,0.3416909648758741,Orange,0.62858
59,0,102,10,Blue,0.33577133780348345,Orange,0.6857200000000001
60,0,108,4,Red,0.34693092877803205,Orange,0.3714383679067376
61,0,108,6,Red,0.3430014475238077,Orange,0.6000000000000001
62,0,108,8,Red,0.3416909648758741,Orange,0.62858
63,0,108,10,Blue,0.33577133780348345,Orange,0.6857200000000001
64,0,114,4,Red,0.34693092877803205,Orange,0.3714383679067376
65,0,114,6,Red,0.3430014475238077,Orange,0.6000000000000001
66,0,114,8,Red,0.3416909648758741,Orange,0.62858
67,0,114,10,Blue,0.33577133780348345,Orange,0.6857200000000001
68,2,0,10,Red,0.34930467859757497,Orange,0.37144
69,2,0,12,Red,0.3402777543754101,Orange,0.4857200000000001
70,2,6,10,Red,0.34930467859757497,Orange,0.37144
71,2,6,12,Red,0.3402777543754101,Orange,0.4857200000000001
72,2,12,10,Red,0.34930467859757497,Orange,0.37144
73,2,12,12,Red,0.3402777543754101,Orange,0.4857200000000001
74,2,18,10,Red,0.3505077462521908,Orange,0.3841333333333334
75,2,18,12,Red,0.34269860736317953,Orange,0.4644124102746634
76,2,24,10,Red,0.34722741634799376,Orange,0.37144
77,2,24,12,Red,0.3390966862626339,Orange,0.4857200000000001
78,2,30,10,Red,0.34722741634799376,Orange,0.37144
79,2,30,12,Red,0.3390966862626339,Orange,0.4857200000000001
80,2,36,8,Red,0.3522106209190592,Orange,0.373355109659356
81,2,36,10,Red,0.3443095676754894,Orange,0.4653142857142858
82,2,36,12,Red,0.3363693303265655,Orange,0.5469428571428573
83,2,42,6,Red,0.35118657267152714,Orange,0.36000000000000004
84,2,42,8,Red,0.3494337772658846,Orange,0.4355731840099549
85,2,42,10,Red,0.3416316452760841,Orange,0.5174666666666667
86,2,42,12,Red,0.33397754984273503,Orange,0.5781850579101439
87,2,48,6,Red,0.34823161268553554,Orange,0.4400000000000001
88,2,48,8,Red,0.34667171586353945,Orange,0.4977912583605538
89,2,48,10,Red,0.3389743151095208,Orange,0.5587333333333335
90,2,48,12,Blue,0.3353110617593981,Orange,0.6036400661830215
91,2,54,4,Red,0.35002548885843376,Orange,0.30169836265636124
92,2,54,6,Red,0.3454123284034893,Orange,0.5157894736842107
93,2,54,8,Red,0.3439243730136264,Orange,0.5600093327111527
94,2,54,10,Red,0.3365980462382545,Orange,0.6040857142857144
95,2,54,12,Blue,0.3383274565928402,Orange,0.6449000000000001
96,2,60,4,Red,0.34693092877803205,Orange,0.3714383679067376
97,2,60,6,Red,0.3430014475238077,Orange,0.6000000000000001
98,2,60,8,Red,0.3416909648758741,Orange,0.62858
99,2,60,10,Blue,0.33577133780348345,Orange,0.6857200000000001
100,2,66,4,Red,0.34693092877803205,Orange,0.3714383679067376
101,2,66,6,Red,0.3430014475238077,Orange,0.6000000000000001
102,2,66,8,Red,0.3416909648758741,Orange,0.62858
103,2,66,10,Blue,0.33577133780348345,Orange,0.6857200000000001
104,2,72,4,Red,0.34693092877803205,Orange,0.3714383679067376
105,2,72,6,Red,0.3430014475238077,Orange,0.6000000000000001
106,2,72,8,Red,0.3416909648758741,Orange,0.62858
107,2,72,10,Blue,0.33577133780348345,Orange,0.6857200000000001
108,2,78,4,Red,0.34693092877803205,Orange,0.3714383679067376
109,2,78,6,Red,0.3430014475238077,Orange,0.6000000000000001
110,2,78,8,Red,0.3416909648758741,Orange,0.62858
111,2,78,10,Blue,0.33577133780348345,Orange,0.6857200000000001
112,2,84,4,Red,0.34693092877803205,Orange,0.3714383679067376
113,2,84,6,Red,0.3430014475238077,Orange,0.6000000000000001
114,2,84,8,Red,0.3416909648758741,Orange,0.62858
115,2,84,10,Blue,0.33577133780348345,Orange,0.6857200000000001
116,2,90,4,Red,0.34693092877803205,Orange,0.3714383679067376
117,2,90,6,Red,0.3430014475238077,Orange,0.6000000000000001
118,2,90,8,Red,0.3416909648758741,Orange,0.62858
119,2,90,10,Blue,0.33577133780348345,Orange,0.6857200000000001
120,2,96,4,Red,0.34693092877803205,Orange,0.3714383679067376
121,2,96,6,Red,0.3430014475238077,Orange,0.6000000000000001
122,2,96,8,Red,0.3416909648758741,Orange,0.62858
123,2,96,10,Blue,0.33577133780348345,Orange,0.6857200000000001
124,2,102,4,Red,0.34693092877803205,Orange,0.3714383679067376
125,2,102,6,Red,0.3430014475238077,Orange,0.6000000000000001
126,2,102,8,Red,0.3416909648758741,Orange,0.62858
127,2,102,10,Blue,0.33577133780348345,Orange,0.6857200000000001
128,2,108,4,Red,0.34693092877803205,Orange,0.3714383679067376
129,2,108,6,Red,0.3430014475238077,Orange,0.6000000000000001
130,2,108,8,Red,0.3416909648758741,Orange,0.62858
131,2,108,10,Blue,0.33577133780348345,Orange,0.6857200000000001
132,2,114,4,Red,0.34693092877803205,Orange,0.3714383679067376
133,2,114,6,Red,0.3430014475238077,Orange,0.6000000000000001
134,2,114,8,Red,0.3416909648758741,Orange,0.62858
135,2,114,10,Blue,0.33577133780348345,Orange,0.6857200000000001
136,4,0,8,Red,0.345910618747209,Orange,0.3315383730295709
137,4,0,10,Red,0.34018439025730257,Orange,0.4
138,4,0,12,Red,0.3379776856998327,Orange,0.4085075960679178
139,4,6,8,Red,0.345910618747209,Orange,0.3315383730295709
140,4,6,10,Red,0.34018439025730257,Orange,0.4
141,4,6,12,Red,0.3379776856998327,Orange,0.4085075960679178
142,4,12,8,Red,0.345910618747209,Orange,0.3315383730295709
143,4,12,10,Red,0.34018439025730257,Orange,0.4
144,4,12,12,Red,0.3379776856998327,Orange,0.4085075960679178
145,4,18,8,Red,0.34708953942276805,Orange,0.3890691519963181
146,4,18,10,Red,0.3421018903565805,Orange,0.4428595919766845
147,4,18,12,Red,0.3404241323541517,Orange,0.4531903485254692
148,4,24,6,Red,0.34529379482588324,Orange,0.3714383679067376
149,4,24,8,Red,0.3406103028614324,Orange,0.4465999309630653
150,4,30,6,Red,0.34529379482588324,Orange,0.3714383679067376
151,4,30,8,Red,0.3406103028614324,Orange,0.4465999309630653
152,4,36,4,Red,0.3521581572002981,Orange,0.4017734827165084
153,4,36,6,Red,0.3412112170477679,Orange,0.5050950879690838
154,4,36,8,Red,0.3367467571574236,Orange,0.5767444851758956
155,4,42,4,Red,0.3508494361102705,Orange,0.40769869842149
156,4,42,6,Red,0.3396501011443391,Orange,0.5285787759300533
157,4,42,8,Red,0.3354117130241859,Orange,0.584949948222299
158,4,42,10,Blue,0.3356083151562186,Orange,0.6142893879650266
159,4,42,12,Blue,0.33617260777746377,Orange,0.6234048257372654
160,4,42,14,Blue,0.3386077130516367,Orange,0.7000000000000002
161,4,42,16,Blue,0.3386077130516367,Orange,0.7000000000000002
162,4,42,18,Blue,0.3386077130516367,Orange,0.7000000000000002
163,4,42,20,Blue,0.3386077130516367,Orange,0.7000000000000002
164,4,42,22,Blue,0.3386077130516367,Orange,0.7000000000000002
165,4,42,24,Blue,0.3386077130516367,Orange,0.7000000000000002
166,4,42,26,Blue,0.3386077130516367,Orange,0.7000000000000002
167,4,42,28,Blue,0.3386077130516367,Orange,0.7000000000000002
168,4,48,4,Red,0.3508494361102705,Orange,0.40769869842149
169,4,48,6,Red,0.3389585722511161,Orange,0.5285787759300533
170,4,48,8,Red,0.3348049041187741,Orange,0.584949948222299
171,4,48,10,Blue,0.33613665334239884,Orange,0.6142893879650266
172,4,48,12,Blue,0.3370542103714857,Orange,0.6234048257372654
173,4,48,14,Blue,0.33981277011842503,Orange,0.7000000000000002
174,4,48,16,Blue,0.33981277011842503,Orange,0.7000000000000002
175,4,48,18,Blue,0.33981277011842503,Orange,0.7000000000000002
176,4,48,20,Blue,0.33981277011842503,Orange,0.7000000000000002
177,4,48,22,Blue,0.33981277011842503,Orange,0.7000000000000002
178,4,48,24,Blue,0.33981277011842503,Orange,0.7000000000000002
179,4,48,26,Blue,0.33981277011842503,Orange,0.7000000000000002
180,4,48,28,Blue,0.33981277011842503,Orange,0.7000000000000002
181,4,54,0,Red,0.3487802182591653,Orange,0.30169836265636124
182,4,54,2,Red,0.3487802182591653,Orange,0.30169836265636124
183,4,54,4,Red,0.3496394309705149,Orange,0.4283226251792068
184,4,54,6,Red,0.3370531025564378,Orange,0.5694904912030917
185,4,54,8,Blue,0.3359908893743843,Orange,0.6174673612450962
186,4,54,10,Blue,0.3378754114205461,Orange,0.6440659005390014
187,4,54,12,Blue,0.3390623307114781,Orange,0.6451589369463262
188,4,60,0,Red,0.3460882233868285,Orange,0.3714383679067376
189,4,60,2,Red,0.3460882233868285,Orange,0.3714383679067376
190,4,60,4,Red,0.34762711856751377,Orange,0.5230868642112065
191,4,60,6,Blue,0.3375678781163985,Orange,0.6857191839533688
192,4,66,0,Red,0.3460882233868285,Orange,0.3714383679067376
193,4,66,2,Red,0.3460882233868285,Orange,0.3714383679067376
194,4,66,4,Red,0.34762711856751377,Orange,0.5230868642112065
195,4,66,6,Blue,0.3375678781163985,Orange,0.6857191839533688
196,4,72,0,Red,0.3460882233868285,Orange,0.3714383679067376
197,4,72,2,Red,0.3460882233868285,Orange,0.3714383679067376
198,4,72,4,Red,0.34762711856751377,Orange,0.5230868642112065
199,4,72,6,Blue,0.3375678781163985,Orange,0.6857191839533688
200,4,78,0,Red,0.3460882233868285,Orange,0.3714383679067376
201,4,78,2,Red,0.3460882233868285,Orange,0.3714383679067376
202,4,78,4,Red,0.34762711856751377,Orange,0.5230868642112065
203,4,78,6,Blue,0.3375678781163985,Orange,0.6857191839533688
204,4,84,0,Red,0.3460882233868285,Orange,0.3714383679067376
205,4,84,2,Red,0.3460882233868285,Orange,0.3714383679067376
206,4,84,4,Red,0.34762711856751377,Orange,0.5230868642112065
207,4,84,6,Blue,0.3375678781163985,Orange,0.6857191839533688
208,4,90,0,Red,0.3460882233868285,Orange,0.3714383679067376
209,4,90,2,Red,0.3460882233868285,Orange,0.3714383679067376
210,4,90,4,Red,0.34762711856751377,Orange,0.5230868642112065
211,4,90,6,Blue,0.3375678781163985,Orange,0.6857191839533688
212,4,96,0,Red,0.3460882233868285,Orange,0.3714383679067376
213,4,96,2,Red,0.3460882233868285,Orange,0.3714383679067376
214,4,96,4,Red,0.34762711856751377,Orange,0.5230868642112065
215,4,96,6,Blue,0.3375678781163985,Orange,0.6857191839533688
216,4,102,0,Red,0.3460882233868285,Orange,0.3714383679067376
217,4,102,2,Red,0.3460882233868285,Orange,0.3714383679067376
218,4,102,4,Red,0.34762711856751377,Orange,0.5230868642112065
219,4,102,6,Blue,0.3375678781163985,Orange,0.6857191839533688
220,4,108,0,Red,0.3460882233868285,Orange,0.3714383679067376
221,4,108,2,Red,0.3460882233868285,Orange,0.3714383679067376
222,4,108,4,Red,0.34762711856751377,Orange,0.5230868642112065
223,4,108,6,Blue,0.3375678781163985,Orange,0.6857191839533688
224,4,114,0,Red,0.3460882233868285,Orange,0.3714383679067376
225,4,114,2,Red,0.3460882233868285,Orange,0.3714383679067376
226,4,114,4,Red,0.34762711856751377,Orange,0.5230868642112065
227,4,114,6,Blue,0.3375678781163985,Orange,0.6857191839533688
228,6,0,10,Red,0.3390220008027513,Orange,0.37144
229,6,6,10,Red,0.3390220008027513,Orange,0.37144
230,6,12,10,Red,0.3390220008027513,Orange,0.37144
231,6,18,6,Red,0.3419286978425222,Orange,0.4608695652173914
232,6,18,8,Red,0.33951434432883704,Orange,0.488563866833821
233,6,24,4,Red,0.3428564150103319,Orange,0.3714383679067376
234,6,24,6,Red,0.3361773021005429,Orange,0.6000000000000001
235,6,30,4,Red,0.3428564150103319,Orange,0.3714383679067376
236,6,30,6,Red,0.3361773021005429,Orange,0.6000000000000001
237,6,36,4,Red,0.33949986724794723,Orange,0.5050950879690839
238,6,36,8,Blue,0.3347228888084072,Orange,0.6554944165722609
239,6,42,0,Red,0.34472297335207364,Orange,0.36000000000000004
240,6,42,2,Red,0.34472297335207364,Orange,0.36000000000000004
241,6,42,4,Red,0.3366396709920728,Orange,0.5285787759300533
242,6,42,6,Blue,0.33808552858310553,Orange,0.6800000000000002
243,6,42,8,Blue,0.3394104070877489,Orange,0.6844454814123503
244,6,42,10,Blue,0.34096234303570433,Orange,0.6888888888888891
245,6,42,12,Blue,0.3414869680319202,Orange,0.6872724958635612
246,6,42,14,Blue,0.34081485166576525,Orange,0.6800000000000002
247,6,42,16,Blue,0.34081485166576525,Orange,0.6800000000000002
248,6,42,18,Blue,0.34081485166576525,Orange,0.6800000000000002
249,6,42,20,Blue,0.34081485166576525,Orange,0.6800000000000002
250,6,42,22,Blue,0.34081485166576525,Orange,0.6800000000000002
251,6,42,24,Blue,0.34081485166576525,Orange,0.6800000000000002
252,6,42,26,Blue,0.34081485166576525,Orange,0.6800000000000002
253,6,42,28,Blue,0.34081485166576525,Orange,0.6800000000000002
254,6,48,0,Red,0.34154372819278195,Orange,0.4400000000000001
255,6,48,2,Red,0.34154372819278195,Orange,0.4400000000000001
256,6,48,4,Blue,0.3345528629125327,Orange,0.5285787759300533
257,6,54,0,Red,0.3389365534888611,Orange,0.5157894736842107
258,6,54,2,Red,0.3389365534888611,Orange,0.5157894736842107
259,6,54,4,Blue,0.33874781071971105,Orange,0.5694904912030917
260,6,60,0,Red,0.3378330674831473,Orange,0.6000000000000001
261,6,60,2,Red,0.3378330674831473,Orange,0.6000000000000001
262,6,60,4,Blue,0.34121373524536464,Orange,0.6857191839533688
263,6,66,0,Red,0.3378330674831473,Orange,0.6000000000000001
264,6,66,2,Red,0.3378330674831473,Orange,0.6000000000000001
265,6,66,4,Blue,0.34121373524536464,Orange,0.6857191839533688
266,6,72,0,Red,0.3378330674831473,Orange,0.6000000000000001
267,6,72,2,Red,0.3378330674831473,Orange,0.6000000000000001
268,6,72,4,Blue,0.34121373524536464,Orange,0.6857191839533688
269,6,78,0,Red,0.3378330674831473,Orange,0.6000000000000001
270,6,78,2,Red,0.3378330674831473,Orange,0.6000000000000001
271,6,78,4,Blue,0.34121373524536464,Orange,0.6857191839533688
272,6,84,0,Red,0.3378330674831473,Orange,0.6000000000000001
273,6,84,2,Red,0.3378330674831473,Orange,0.6000000000000001
274,6,84,4,Blue,0.34121373524536464,Orange,0.6857191839533688
275,6,90,0,Red,0.3378330674831473,Orange,0.6000000000000001
276,6,90,2,Red,0.3378330674831473,Orange,0.6000000000000001
277,6,90,4,Blue,0.34121373524536464,Orange,0.6857191839533688
278,6,96,0,Red,0.3378330674831473,Orange,0.6000000000000001
279,6,96,2,Red,0.3378330674831473,Orange,0.6000000000000001
280,6,96,4,Blue,0.34121373524536464,Orange,0.6857191839533688
281,6,102,0,Red,0.3378330674831473,Orange,0.6000000000000001
282,6,102,2,Red,0.3378330674831473,Orange,0.6000000000000001
283,6,102,4,Blue,0.34121373524536464,Orange,0.6857191839533688
284,6,108,0,Red,0.3378330674831473,Orange,0.6000000000000001
285,6,108,2,Red,0.3378330674831473,Orange,0.6000000000000001
286,6,108,4,Blue,0.34121373524536464,Orange,0.6857191839533688
287,6,114,0,Red,0.3378330674831473,Orange,0.6000000000000001
288,6,114,2,Red,0.3378330674831473,Orange,0.6000000000000001
289,6,114,4,Blue,0.34121373524536464,Orange,0.6857191839533688
290,8,0,4,Red,0.3465065383994001,Orange,0.3315383730295709
291,8,0,8,Red,0.3395548700184005,Orange,0.3333644423705087
292,8,0,10,Red,0.3349050507281491,Orange,0.4222429615803392
293,8,6,4,Red,0.3465065383994001,Orange,0.3315383730295709
294,8,6,8,Red,0.3395548700184005,Orange,0.3333644423705087
295,8,6,10,Red,0.3349050507281491,Orange,0.4222429615803392
296,8,12,4,Red,0.3465065383994001,Orange,0.3315383730295709
297,8,12,8,Red,0.3395548700184005,Orange,0.3333644423705087
298,8,12,10,Red,0.3349050507281491,Orange,0.4222429615803392
299,8,18,4,Red,0.34221341526934096,Orange,0.4055114486250144
300,8,18,6,Red,0.337332498880281,Orange,0.5084691461206297
301,8,24,8,Blue,0.3368062857559915,Orange,0.6444548141235029
302,8,24,10,Blue,0.3373411653422503,Orange,0.6444548141235029
303,8,30,8,Blue,0.3368062857559915,Orange,0.6444548141235029
304,8,30,10,Blue,0.3373411653422503,Orange,0.6444548141235029
305,8,36,0,Red,0.34448189316225203,Orange,0.3511277025976047
306,8,36,2,Red,0.34448189316225203,Orange,0.3511277025976047
307,8,36,6,Blue,0.3391065031129494,Orange,0.6786211361061659
308,8,36,8,Blue,0.3424010990911531,Orange,0.6984709809411005
309,8,36,10,Blue,0.34321625978880044,Orange,0.698559545546764
310,8,36,12,Blue,0.34378660310127,Orange,0.698559545546764
311,8,36,14,Blue,0.3415725753356964,Orange,0.6755638512988024
312,8,36,16,Blue,0.3415725753356964,Orange,0.6755638512988024
313,8,36,18,Blue,0.3415725753356964,Orange,0.6755638512988024
314,8,36,20,Blue,0.3415725753356964,Orange,0.6755638512988024
315,8,36,22,Blue,0.3415725753356964,Orange,0.6755638512988024
316,8,36,24,Blue,0.3415725753356964,Orange,0.6755638512988024
317,8,36,26,Blue,0.3415725753356964,Orange,0.6755638512988024
318,8,36,28,Blue,0.3415725753356964,Orange,0.6755638512988024
319,8,42,0,Red,0.34170027022920274,Orange,0.41334577694820346
320,8,42,2,Red,0.34170027022920274,Orange,0.41334577694820346
321,8,42,4,Blue,0.3348322148756122,Orange,0.584949948222299
322,8,48,0,Red,0.33898530908962643,Orange,0.4755638512988024
323,8,48,2,Red,0.33898530908962643,Orange,0.4755638512988024
324,8,48,4,Blue,0.3386457575539372,Orange,0.584949948222299
325,8,54,0,Red,0.3363358757230204,Orange,0.5377819256494013
326,8,54,2,Red,0.3363358757230204,Orange,0.5377819256494013
327,8,54,4,Blue,0.34249283584068885,Orange,0.6174673612450962
328,8,60,0,Red,0.3357519225895776,Orange,0.6000000000000001
329,8,60,2,Red,0.3357519225895776,Orange,0.6000000000000001
330,8,60,4,Blue,0.3441145474150807,Orange,0.6904153722241401
331,8,66,0,Red,0.3357519225895776,Orange,0.6000000000000001
332,8,66,2,Red,0.3357519225895776,Orange,0.6000000000000001
333,8,66,4,Blue,0.3441145474150807,Orange,0.6904153722241401
334,8,72,0,Red,0.3357519225895776,Orange,0.6000000000000001
335,8,72,2,Red,0.3357519225895776,Orange,0.6000000000000001
336,8,72,4,Blue,0.3441145474150807,Orange,0.6904153722241401
337,8,78,0,Red,0.3357519225895776,Orange,0.6000000000000001
338,8,78,2,Red,0.3357519225895776,Orange,0.6000000000000001
339,8,78,4,Blue,0.3441145474150807,Orange,0.6904153722241401
340,8,84,0,Red,0.3357519225895776,Orange,0.6000000000000001
341,8,84,2,Red,0.3357519225895776,Orange,0.6000000000000001
342,8,84,4,Blue,0.3441145474150807,Orange,0.6904153722241401
343,8,90,0,Red,0.3357519225895776,Orange,0.6000000000000001
344,8,90,2,Red,0.3357519225895776,Orange,0.6000000000000001
345,8,90,4,Blue,0.3441145474150807,Orange,0.6904153722241401
346,8,96,0,Red,0.3357519225895776,Orange,0.6000000000000001
347,8,96,2,Red,0.3357519225895776,Orange,0.6000000000000001
348,8,96,4,Blue,0.3441145474150807,Orange,0.6904153722241401
349,8,102,0,Red,0.3357519225895776,Orange,0.6000000000000001
350,8,102,2,Red,0.3357519225895776,Orange,0.6000000000000001
351,8,102,4,Blue,0.3441145474150807,Orange,0.6904153722241401
352,8,108,0,Red,0.3357519225895776,Orange,0.6000000000000001
353,8,108,2,Red,0.3357519225895776,Orange,0.6000000000000001
354,8,108,4,Blue,0.3441145474150807,Orange,0.6904153722241401
355,8,114,0,Red,0.3357519225895776,Orange,0.6000000000000001
356,8,114,2,Red,0.3357519225895776,Orange,0.6000000000000001
357,8,114,4,Blue,0.3441145474150807,Orange,0.6904153722241401
358,10,0,0,Red,0.3453620546198985,Orange,0.37144
359,10,0,2,Red,0.3453620546198985,Orange,0.37144
360,10,0,6,Red,0.3344541568453025,Orange,0.37144
361,10,0,8,Blue,0.3345370841072903,Orange,0.4222429615803392
362,10,0,10,Blue,0.3394779710092815,Orange,0.4769330174456172
363,10,6,0,Red,0.3453620546198985,Orange,0.37144
364,10,6,2,Red,0.3453620546198985,Orange,0.37144
365,10,6,6,Red,0.3344541568453025,Orange,0.37144
366,10,6,8,Blue,0.3345370841072903,Orange,0.4222429615803392
367,10,6,10,Blue,0.3394779710092815,Orange,0.4769330174456172
368,10,12,0,Red,0.3453620546198985,Orange,0.37144
369,10,12,2,Red,0.3453620546198985,Orange,0.37144
370,10,12,6,Red,0.3344541568453025,Orange,0.37144
371,10,12,8,Blue,0.3345370841072903,Orange,0.4222429615803392
372,10,12,10,Blue,0.3394779710092815,Orange,0.4769330174456172
373,10,18,6,Blue,0.3362354768593218,Orange,0.5587333333333335
374,10,18,8,Blue,0.3382257336400998,Orange,0.5807303086523866
375,10,18,10,Blue,0.34123872199984184,Orange,0.6033090362142776
376,10,18,12,Blue,0.34044649376993963,Orange,0.6097118390648363
377,10,24,6,Blue,0.3437485887905823,Orange,0.6857200000000001
378,10,24,8,Blue,0.3459570955222793,Orange,0.6888940737284179
379,10,24,10,Blue,0.3492245927600275,Orange,0.6923110058152059
380,10,24,12,Blue,0.3483982598694059,Orange,0.6909125620465827
381,10,24,14,Blue,0.3452558583559697,Orange,0.6857200000000001
382,10,24,16,Blue,0.3452558583559697,Orange,0.6857200000000001
383,10,24,18,Blue,0.3452558583559697,Orange,0.6857200000000001
384,10,24,20,Blue,0.3452558583559697,Orange,0.6857200000000001
385,10,24,22,Blue,0.3452558583559697,Orange,0.6857200000000001
386,10,24,24,Blue,0.3452558583559697,Orange,0.6857200000000001
387,10,24,26,Blue,0.3452558583559697,Orange,0.6857200000000001
388,10,24,28,Blue,0.3452558583559697,Orange,0.6857200000000001
389,10,30,6,Blue,0.3437485887905823,Orange,0.6857200000000001
390,10,30,8,Blue,0.3459570955222793,Orange,0.6888940737284179
391,10,30,10,Blue,0.3492245927600275,Orange,0.6923110058152059
392,10,30,12,Blue,0.3483982598694059,Orange,0.6909125620465827
393,10,30,14,Blue,0.3452558583559697,Orange,0.6857200000000001
394,10,30,16,Blue,0.3452558583559697,Orange,0.6857200000000001
395,10,30,18,Blue,0.3452558583559697,Orange,0.6857200000000001
396,10,30,20,Blue,0.3452558583559697,Orange,0.6857200000000001
397,10,30,22,Blue,0.3452558583559697,Orange,0.6857200000000001
398,10,30,24,Blue,0.3452558583559697,Orange,0.6857200000000001
399,10,30,26,Blue,0.3452558583559697,Orange,0.6857200000000001
400,10,30,28,Blue,0.3452558583559697,Orange,0.6857200000000001
401,10,36,4,Blue,0.3364051852372396,Orange,0.5983118071799047
402,10,42,4,Blue,0.33922157748389564,Orange,0.607148979941711
403,10,48,4,Blue,0.34152302862176226,Orange,0.607148979941711
404,10,54,4,Blue,0.34259008081435194,Orange,0.6305095087969085
405,10,60,4,Blue,0.3434165891733292,Orange,0.6857191839533688
406,10,66,4,Blue,0.3434165891733292,Orange,0.6857191839533688
407,10,72,4,Blue,0.3434165891733292,Orange,0.6857191839533688
408,10,78,4,Blue,0.3434165891733292,Orange,0.6857191839533688
409,10,84,4,Blue,0.3434165891733292,Orange,0.6857191839533688
410,10,90,4,Blue,0.3434165891733292,Orange,0.6857191839533688
411,10,96,4,Blue,0.3434165891733292,Orange,0.6857191839533688
412,10,102,4,Blue,0.3434165891733292,Orange,0.6857191839533688
413,10,108,4,Blue,0.3434165891733292,Orange,0.6857191839533688
414,10,114,4,Blue,0.3434165891733292,Orange,0.6857191839533688
415,12,0,8,Blue,0.3390529267460694,Orange,0.5111214807901696
416,12,0,10,Blue,0.34151088190179585,Orange,0.5272750413643885
417,12,0,12,Blue,0.3417136671782745,Orange,0.5272750413643885
418,12,6,8,Blue,0.3390529267460694,Orange,0.5111214807901696
419,12,6,10,Blue,0.34151088190179585,Orange,0.5272750413643885
420,12,6,12,Blue,0.3417136671782745,Orange,0.5272750413643885
421,12,12,8,Blue,0.3390529267460694,Orange,0.5111214807901696
422,12,12,10,Blue,0.34151088190179585,Orange,0.5272750413643885
423,12,12,12,Blue,0.3417136671782745,Orange,0.5272750413643885
424,12,18,6,Blue,0.3451098508166816,Orange,0.6169543809693302
425,12,18,8,Blue,0.3465509141175547,Orange,0.6253222876888318
426,12,18,10,Blue,0.34739539922192875,Orange,0.6291287209460378
427,12,18,12,Blue,0.3477703776645129,Orange,0.6303058158034296
428,12,18,14,Blue,0.346422046032328,Orange,0.6847481758319987
429,12,18,16,Blue,0.346422046032328,Orange,0.6847481758319987
430,12,18,18,Blue,0.346422046032328,Orange,0.6847481758319987
431,12,18,20,Blue,0.346422046032328,Orange,0.6847481758319987
432,12,18,22,Blue,0.346422046032328,Orange,0.6847481758319987
433,12,18,24,Blue,0.346422046032328,Orange,0.6847481758319987
434,12,18,26,Blue,0.346422046032328,Orange,0.6847481758319987
435,12,18,28,Blue,0.346422046032328,Orange,0.6847481758319987
436,12,24,4,Blue,0.3377730917068648,Orange,0.542555853440572
437,12,30,4,Blue,0.3377730917068648,Orange,0.542555853440572
438,12,36,4,Blue,0.3416414771480351,Orange,0.6081917665450757
439,12,42,4,Blue,0.34267971003449715,Orange,0.6159606791778375
440,12,48,4,Blue,0.34267971003449715,Orange,0.6159606791778375
441,12,54,4,Blue,0.3432246099493597,Orange,0.6312662845231892
442,12,60,4,Blue,0.3441068151640376,Orange,0.6893655049151028
443,12,66,4,Blue,0.3441068151640376,Orange,0.6893655049151028
444,12,72,4,Blue,0.3441068151640376,Orange,0.6893655049151028
445,12,78,4,Blue,0.3441068151640376,Orange,0.6893655049151028
446,12,84,4,Blue,0.3441068151640376,Orange,0.6893655049151028
447,12,90,4,Blue,0.3441068151640376,Orange,0.6893655049151028
448,12,96,4,Blue,0.3441068151640376,Orange,0.6893655049151028
449,12,102,4,Blue,0.3441068151640376,Orange,0.6893655049151028
450,12,108,4,Blue,0.3441068151640376,Orange,0.6893655049151028
451,12,114,4,Blue,0.3441068151640376,Orange,0.6893655049151028
452,14,18,4,Blue,0.3424786175310445,Orange,0.6428595919766846
453,14,24,4,Blue,0.3479081965617645,Orange,0.6857191839533688
454,14,30,4,Blue,0.3479081965617645,Orange,0.6857191839533688
455,14,36,4,Blue,0.34871860737151866,Orange,0.6915285263907253
456,14,42,4,Blue,0.34876718623448544,Orange,0.6857191839533688
457,14,48,4,Blue,0.3487671862344855,Orange,0.6857191839533688
458,14,54,4,Blue,0.3489405044761842,Orange,0.6915285263907249
459,14,60,4,Blue,0.3490571895823012,Orange,0.6857191839533688
460,14,66,4,Blue,0.3490571895823012,Orange,0.6857191839533688
461,14,72,4,Blue,0.3490571895823012,Orange,0.6857191839533688
462,14,78,4,Blue,0.3490571895823012,Orange,0.6857191839533688
463,14,84,4,Blue,0.3490571895823012,Orange,0.6857191839533688
464,14,90,4,Blue,0.3490571895823012,Orange,0.6857191839533688
465,14,96,4,Blue,0.3490571895823012,Orange,0.6857191839533688
466,14,102,4,Blue,0.3490571895823012,Orange,0.6857191839533688
467,14,108,4,Blue,0.3490571895823012,Orange,0.6857191839533688
468,14,114,4,Blue,0.3490571895823012,Orange,0.6857191839533688
469,16,18,4,Blue,0.3424786175310445,Orange,0.6428595919766846
470,16,24,4,Blue,0.3479081965617645,Orange,0.6857191839533688
471,16,30,4,Blue,0.3479081965617645,Orange,0.6857191839533688
472,16,36,4,Blue,0.34871860737151866,Orange,0.6915285263907253
473,16,42,4,Blue,0.34876718623448544,Orange,0.6857191839533688
474,16,48,4,Blue,0.3487671862344855,Orange,0.6857191839533688
475,16,54,4,Blue,0.3489405044761842,Orange,0.6915285263907249
476,16,60,4,Blue,0.3490571895823012,Orange,0.6857191839533688
477,16,66,4,Blue,0.3490571895823012,Orange,0.6857191839533688
478,16,72,4,Blue,0.3490571895823012,Orange,0.6857191839533688
479,16,78,4,Blue,0.3490571895823012,Orange,0.6857191839533688
480,16,84,4,Blue,0.3490571895823012,Orange,0.6857191839533688
481,16,90,4,Blue,0.3490571895823012,Orange,0.6857191839533688
482,16,96,4,Blue,0.3490571895823012,Orange,0.6857191839533688
483,16,102,4,Blue,0.3490571895823012,Orange,0.6857191839533688
484,16,108,4,Blue,0.3490571895823012,Orange,0.6857191839533688
485,16,114,4,Blue,0.3490571895823012,Orange,0.6857191839533688
486,18,18,4,Blue,0.3424786175310445,Orange,0.6428595919766846
487,18,24,4,Blue,0.3479081965617645,Orange,0.6857191839533688
488,18,30,4,Blue,0.3479081965617645,Orange,0.6857191839533688
489,18,36,4,Blue,0.34871860737151866,Orange,0.6915285263907253
490,18,42,4,Blue,0.34876718623448544,Orange,0.6857191839533688
491,18,48,4,Blue,0.3487671862344855,Orange,0.6857191839533688
492,18,54,4,Blue,0.3489405044761842,Orange,0.6915285263907249
493,18,60,4,Blue,0.3490571895823012,Orange,0.6857191839533688
494,18,66,4,Blue,0.3490571895823012,Orange,0.6857191839533688
495,18,72,4,Blue,0.3490571895823012,Orange,0.6857191839533688
496,18,78,4,Blue,0.3490571895823012,Orange,0.6857191839533688
497,18,84,4,Blue,0.3490571895823012,Orange,0.6857191839533688
498,18,90,4,Blue,0.3490571895823012,Orange,0.6857191839533688
499,18,96,4,Blue,0.3490571895823012,Orange,0.6857191839533688
500,18,102,4,Blue,0.3490571895823012,Orange,0.6857191839533688
501,18,108,4,Blue,0.3490571895823012,Orange,0.6857191839533688
502,18,114,4,Blue,0.3490571895823012,Orange,0.6857191839533688
503,20,18,4,Blue,0.3424786175310445,Orange,0.6428595919766846
504,20,24,4,Blue,0.3479081965617645,Orange,0.6857191839533688
505,20,30,4,Blue,0.3479081965617645,Orange,0.6857191839533688
506,20,36,4,Blue,0.34871860737151866,Orange,0.6915285263907253
507,20,42,4,Blue,0.34876718623448544,Orange,0.6857191839533688
508,20,48,4,Blue,0.3487671862344855,Orange,0.6857191839533688
509,20,54,4,Blue,0.3489405044761842,Orange,0.6915285263907249
510,20,60,4,Blue,0.3490571895823012,Orange,0.6857191839533688
511,20,66,4,Blue,0.3490571895823012,Orange,0.6857191839533688
512,20,72,4,Blue,0.3490571895823012,Orange,0.6857191839533688
513,20,78,4,Blue,0.3490571895823012,Orange,0.6857191839533688
514,20,84,4,Blue,0.3490571895823012,Orange,0.6857191839533688
515,20,90,4,Blue,0.3490571895823012,Orange,0.6857191839533688
516,20,96,4,Blue,0.3490571895823012,Orange,0.6857191839533688
517,20,102,4,Blue,0.3490571895823012,Orange,0.6857191839533688
518,20,108,4,Blue,0.3490571895823012,Orange,0.6857191839533688
519,20,114,4,Blue,0.3490571895823012,Orange,0.6857191839533688
520,22,18,4,Blue,0.3424786175310445,Orange,0.6428595919766846
521,22,24,4,Blue,0.3479081965617645,Orange,0.6857191839533688
522,22,30,4,Blue,0.3479081965617645,Orange,0.6857191839533688
523,22,36,4,Blue,0.34871860737151866,Orange,0.6915285263907253
524,22,42,4,Blue,0.34876718623448544,Orange,0.6857191839533688
525,22,48,4,Blue,0.3487671862344855,Orange,0.6857191839533688
526,22,54,4,Blue,0.3489405044761842,Orange,0.6915285263907249
527,22,60,4,Blue,0.3490571895823012,Orange,0.6857191839533688
528,22,66,4,Blue,0.3490571895823012,Orange,0.6857191839533688
529,22,72,4,Blue,0.3490571895823012,Orange,0.6857191839533688
530,22,78,4,Blue,0.3490571895823012,Orange,0.6857191839533688
531,22,84,4,Blue,0.3490571895823012,Orange,0.6857191839533688
532,22,90,4,Blue,0.3490571895823012,Orange,0.6857191839533688
533,22,96,4,Blue,0.3490571895823012,Orange,0.6857191839533688
534,22,102,4,Blue,0.3490571895823012,Orange,0.6857191839533688
535,22,108,4,Blue,0.3490571895823012,Orange,0.6857191839533688
536,22,114,4,Blue,0.3490571895823012,Orange,0.6857191839533688
537,24,18,4,Blue,0.3424786175310445,Orange,0.6428595919766846
538,24,24,4,Blue,0.3479081965617645,Orange,0.6857191839533688
539,24,30,4,Blue,0.3479081965617645,Orange,0.6857191839533688
540,24,36,4,Blue,0.34871860737151866,Orange,0.6915285263907253
541,24,42,4,Blue,0.34876718623448544,Orange,0.6857191839533688
542,24,48,4,Blue,0.3487671862344855,Orange,0.6857191839533688
543,24,54,4,Blue,0.3489405044761842,Orange,0.6915285263907249
544,24,60,4,Blue,0.3490571895823012,Orange,0.6857191839533688
545,24,66,4,Blue,0.3490571895823012,Orange,0.6857191839533688
546,24,72,4,Blue,0.3490571895823012,Orange,0.6857191839533688
547,24,78,4,Blue,0.3490571895823012,Orange,0.6857191839533688
548,24,84,4,Blue,0.3490571895823012,Orange,0.6857191839533688
549,24,90,4,Blue,0.3490571895823012,Orange,0.6857191839533688
550,24,96,4,Blue,0.3490571895823012,Orange,0.6857191839533688
551,24,102,4,Blue,0.3490571895823012,Orange,0.6857191839533688
552,24,108,4,Blue,0.3490571895823012,Orange,0.6857191839533688
553,24,114,4,Blue,0.3490571895823012,Orange,0.6857191839533688
554,26,18,4,Blue,0.3424786175310445,Orange,0.6428595919766846
555,26,24,4,Blue,0.3479081965617645,Orange,0.6857191839533688
556,26,30,4,Blue,0.3479081965617645,Orange,0.6857191839533688
557,26,36,4,Blue,0.34871860737151866,Orange,0.6915285263907253
558,26,42,4,Blue,0.34876718623448544,Orange,0.6857191839533688
559,26,48,4,Blue,0.3487671862344855,Orange,0.6857191839533688
560,26,54,4,Blue,0.3489405044761842,Orange,0.6915285263907249
561,26,60,4,Blue,0.3490571895823012,Orange,0.6857191839533688
562,26,66,4,Blue,0.3490571895823012,Orange,0.6857191839533688
563,26,72,4,Blue,0.3490571895823012,Orange,0.6857191839533688
564,26,78,4,Blue,0.3490571895823012,Orange,0.6857191839533688
565,26,84,4,Blue,0.3490571895823012,Orange,0.6857191839533688
566,26,90,4,Blue,0.3490571895823012,Orange,0.6857191839533688
567,26,96,4,Blue,0.3490571895823012,Orange,0.6857191839533688
568,26,102,4,Blue,0.3490571895823012,Orange,0.6857191839533688
569,26,108,4,Blue,0.3490571895823012,Orange,0.6857191839533688
570,26,114,4,Blue,0.3490571895823012,Orange,0.6857191839533688
571,28,18,4,Blue,0.3424786175310445,Orange,0.6428595919766846
572,28,24,4,Blue,0.3479081965617645,Orange,0.6857191839533688
573,28,30,4,Blue,0.3479081965617645,Orange,0.6857191839533688
574,28,36,4,Blue,0.34871860737151866,Orange,0.6915285263907253
575,28,42,4,Blue,0.34876718623448544,Orange,0.6857191839533688
576,28,48,4,Blue,0.3487671862344855,Orange,0.6857191839533688
577,28,54,4,Blue,0.3489405044761842,Orange,0.6915285263907249
578,28,60,4,Blue,0.3490571895823012,Orange,0.6857191839533688
579,28,66,4,Blue,0.3490571895823012,Orange,0.6857191839533688
580,28,72,4,Blue,0.3490571895823012,Orange,0.6857191839533688
581,28,78,4,Blue,0.3490571895823012,Orange,0.6857191839533688
582,28,84,4,Blue,0.3490571895823012,Orange,0.6857191839533688
583,28,90,4,Blue,0.3490571895823012,Orange,0.6857191839533688
584,28,96,4,Blue,0.3490571895823012,Orange,0.6857191839533688
585,28,102,4,Blue,0.3490571895823012,Orange,0.6857191839533688
586,28,108,4,Blue,0.3490571895823012,Orange,0.6857191839533688
587,28,114,4,Blue,0.3490571895823012,Orange,0.6857191839533688
